Country,Category,DateTime,Value,Frequency,HistoricalDataSymbol,LastUpdate
Nigeria,Food Inflation,1996-01-31T00:00:00,38.38,Monthly,NIGERIAFOOINF,2014-05-21T15:27:00
Nigeria,Food Inflation,1996-02-29T00:00:00,37.3,Monthly,NIGERIAFOOINF,2014-05-21T15:27:00
Nigeria,Food Inflation,1996-03-31T00:00:00,34.99,Monthly,NIGERIAFOOINF,2014-05-21T15:27:00
Nigeria,Food Inflation,1996-04-30T00:00:00,28.36,Monthly,NIGERIAFOOINF,2014-05-21T15:27:00
Nigeria,Food Inflation,1996-05-31T00:00:00,27.87,Monthly,NIGERIAFOOINF,2014-05-21T15:27:00
Nigeria,Food Inflation,1996-06-30T00:00:00,24.16,Monthly,NIGERIAFOOINF,2015-01-11T13:44:00
Nigeria,Food Inflation,1996-07-31T00:00:00,23.06,Monthly,NIGERIAFOOINF,2014-05-21T15:27:00
Nigeria,Food Inflation,1996-08-31T00:00:00,20.89,Monthly,NIGERIAFOOINF,2014-05-21T15:27:00
Nigeria,Food Inflation,1996-09-30T00:00:00,19.44,Monthly,NIGERIAFOOINF,2015-01-11T13:44:00
Nigeria,Food Inflation,1996-10-31T00:00:00,16.09,Monthly,NIGERIAFOOINF,2014-05-21T15:27:00
Nigeria,Food Inflation,1996-11-30T00:00:00,14.26,Monthly,NIGERIAFOOINF,2014-05-21T15:27:00
Nigeria,Food Inflation,1996-12-31T00:00:00,12.93,Monthly,NIGERIAFOOINF,2015-01-11T13:44:00
Nigeria,Food Inflation,1997-01-31T00:00:00,11.39,Monthly,NIGERIAFOOINF,2014-05-21T15:27:00
Nigeria,Food Inflation,1997-02-28T00:00:00,8.82,Monthly,NIGERIAFOOINF,2015-01-11T13:44:00
Nigeria,Food Inflation,1997-03-31T00:00:00,10.04,Monthly,NIGERIAFOOINF,2015-01-11T13:44:00
Nigeria,Food Inflation,1997-04-30T00:00:00,8.64,Monthly,NIGERIAFOOINF,2014-05-21T15:27:00
Nigeria,Food Inflation,1997-05-31T00:00:00,7.44,Monthly,NIGERIAFOOINF,2014-05-21T15:27:00
Nigeria,Food Inflation,1997-06-30T00:00:00,8.21,Monthly,NIGERIAFOOINF,2015-01-11T13:44:00
Nigeria,Food Inflation,1997-07-31T00:00:00,6.17,Monthly,NIGERIAFOOINF,2014-05-21T15:27:00
Nigeria,Food Inflation,1997-08-31T00:00:00,5.48,Monthly,NIGERIAFOOINF,2014-05-21T15:27:00
Nigeria,Food Inflation,1997-09-30T00:00:00,5.2,Monthly,NIGERIAFOOINF,2014-05-21T15:27:00
Nigeria,Food Inflation,1997-10-31T00:00:00,6.53,Monthly,NIGERIAFOOINF,2014-05-21T15:27:00
Nigeria,Food Inflation,1997-11-30T00:00:00,6.77,Monthly,NIGERIAFOOINF,2015-01-11T13:44:00
Nigeria,Food Inflation,1997-12-31T00:00:00,6.29,Monthly,NIGERIAFOOINF,2014-05-21T15:27:00
Nigeria,Food Inflation,1998-01-31T00:00:00,7.38,Monthly,NIGERIAFOOINF,2014-05-21T15:27:00
Nigeria,Food Inflation,1998-02-28T00:00:00,7.15,Monthly,NIGERIAFOOINF,2015-01-11T13:44:00
Nigeria,Food Inflation,1998-03-31T00:00:00,3.56,Monthly,NIGERIAFOOINF,2015-01-11T13:44:00
Nigeria,Food Inflation,1998-04-30T00:00:00,4.01,Monthly,NIGERIAFOOINF,2014-05-21T15:27:00
Nigeria,Food Inflation,1998-05-31T00:00:00,4.23,Monthly,NIGERIAFOOINF,2014-05-21T15:27:00
Nigeria,Food Inflation,1998-06-30T00:00:00,4.48,Monthly,NIGERIAFOOINF,2014-05-21T15:27:00
Nigeria,Food Inflation,1998-07-31T00:00:00,2.68,Monthly,NIGERIAFOOINF,2014-05-21T15:27:00
Nigeria,Food Inflation,1998-08-31T00:00:00,4.44,Monthly,NIGERIAFOOINF,2015-01-11T13:44:00
Nigeria,Food Inflation,1998-09-30T00:00:00,3.65,Monthly,NIGERIAFOOINF,2014-05-21T15:27:00
Nigeria,Food Inflation,1998-10-31T00:00:00,3.26,Monthly,NIGERIAFOOINF,2014-05-21T15:27:00
Nigeria,Food Inflation,1998-11-30T00:00:00,2.98,Monthly,NIGERIAFOOINF,2015-01-11T13:44:00
Nigeria,Food Inflation,1998-12-31T00:00:00,4.26,Monthly,NIGERIAFOOINF,2014-05-21T15:27:00
Nigeria,Food Inflation,1999-01-31T00:00:00,3.76,Monthly,NIGERIAFOOINF,2014-05-21T15:27:00
Nigeria,Food Inflation,1999-02-28T00:00:00,3.84,Monthly,NIGERIAFOOINF,2014-05-21T15:27:00
Nigeria,Food Inflation,1999-03-31T00:00:00,4.77,Monthly,NIGERIAFOOINF,2014-05-21T15:27:00
Nigeria,Food Inflation,1999-04-30T00:00:00,4.68,Monthly,NIGERIAFOOINF,2014-05-21T15:27:00
Nigeria,Food Inflation,1999-05-31T00:00:00,5.67,Monthly,NIGERIAFOOINF,2015-01-11T13:44:00
Nigeria,Food Inflation,1999-06-30T00:00:00,5.92,Monthly,NIGERIAFOOINF,2014-05-21T15:27:00
Nigeria,Food Inflation,1999-07-31T00:00:00,7.56,Monthly,NIGERIAFOOINF,2014-05-21T15:27:00
Nigeria,Food Inflation,1999-08-31T00:00:00,5.33,Monthly,NIGERIAFOOINF,2015-01-11T13:44:00
Nigeria,Food Inflation,1999-09-30T00:00:00,5.24,Monthly,NIGERIAFOOINF,2014-05-21T15:27:00
Nigeria,Food Inflation,1999-10-31T00:00:00,5.3,Monthly,NIGERIAFOOINF,2014-05-21T15:27:00
Nigeria,Food Inflation,1999-11-30T00:00:00,5.81,Monthly,NIGERIAFOOINF,2014-05-21T15:27:00
Nigeria,Food Inflation,1999-12-31T00:00:00,5,Monthly,NIGERIAFOOINF,2014-05-21T15:27:00
Nigeria,Food Inflation,2000-01-31T00:00:00,-17.5,Monthly,NIGERIAFOOINF,2015-01-11T13:44:00
Nigeria,Food Inflation,2000-02-29T00:00:00,-15.84,Monthly,NIGERIAFOOINF,2014-05-21T15:27:00
Nigeria,Food Inflation,2000-03-31T00:00:00,-15.71,Monthly,NIGERIAFOOINF,2014-05-21T15:27:00
Nigeria,Food Inflation,2000-04-30T00:00:00,-14.15,Monthly,NIGERIAFOOINF,2015-01-11T13:44:00
Nigeria,Food Inflation,2000-05-31T00:00:00,-13.63,Monthly,NIGERIAFOOINF,2014-05-21T15:27:00
Nigeria,Food Inflation,2000-06-30T00:00:00,-13.03,Monthly,NIGERIAFOOINF,2014-05-21T15:27:00
Nigeria,Food Inflation,2000-07-31T00:00:00,-13.01,Monthly,NIGERIAFOOINF,2015-01-11T13:44:00
Nigeria,Food Inflation,2000-08-31T00:00:00,-12.13,Monthly,NIGERIAFOOINF,2014-05-21T15:27:00
Nigeria,Food Inflation,2000-09-30T00:00:00,-13.16,Monthly,NIGERIAFOOINF,2014-05-21T15:27:00
Nigeria,Food Inflation,2000-10-31T00:00:00,-13.51,Monthly,NIGERIAFOOINF,2015-01-11T13:44:00
Nigeria,Food Inflation,2000-11-30T00:00:00,-14.2,Monthly,NIGERIAFOOINF,2014-05-21T15:27:00
Nigeria,Food Inflation,2000-12-31T00:00:00,-14.08,Monthly,NIGERIAFOOINF,2014-05-21T15:27:00
Nigeria,Food Inflation,2001-01-31T00:00:00,12.22,Monthly,NIGERIAFOOINF,2014-05-21T15:27:00
Nigeria,Food Inflation,2001-02-28T00:00:00,13.86,Monthly,NIGERIAFOOINF,2014-05-21T15:27:00
Nigeria,Food Inflation,2001-03-31T00:00:00,16.29,Monthly,NIGERIAFOOINF,2014-05-21T15:27:00
Nigeria,Food Inflation,2001-04-30T00:00:00,26.71,Monthly,NIGERIAFOOINF,2015-01-11T13:44:00
Nigeria,Food Inflation,2001-05-31T00:00:00,30.19,Monthly,NIGERIAFOOINF,2014-05-21T15:27:00
Nigeria,Food Inflation,2001-06-30T00:00:00,30.46,Monthly,NIGERIAFOOINF,2014-05-21T15:27:00
Nigeria,Food Inflation,2001-07-31T00:00:00,32.94,Monthly,NIGERIAFOOINF,2015-01-11T13:44:00
Nigeria,Food Inflation,2001-08-31T00:00:00,33.87,Monthly,NIGERIAFOOINF,2014-05-21T15:27:00
Nigeria,Food Inflation,2001-09-30T00:00:00,39.54,Monthly,NIGERIAFOOINF,2015-01-11T13:44:00
Nigeria,Food Inflation,2001-10-31T00:00:00,37.05,Monthly,NIGERIAFOOINF,2014-05-21T15:27:00
Nigeria,Food Inflation,2001-11-30T00:00:00,31.48,Monthly,NIGERIAFOOINF,2014-05-21T15:27:00
Nigeria,Food Inflation,2001-12-31T00:00:00,28.92,Monthly,NIGERIAFOOINF,2015-01-11T13:44:00
Nigeria,Food Inflation,2002-01-31T00:00:00,29.28,Monthly,NIGERIAFOOINF,2014-05-21T15:27:00
Nigeria,Food Inflation,2002-02-28T00:00:00,27.78,Monthly,NIGERIAFOOINF,2014-05-21T15:27:00
Nigeria,Food Inflation,2002-03-31T00:00:00,25.04,Monthly,NIGERIAFOOINF,2014-05-21T15:27:00
Nigeria,Food Inflation,2002-04-30T00:00:00,14.83,Monthly,NIGERIAFOOINF,2014-05-21T15:27:00
Nigeria,Food Inflation,2002-05-31T00:00:00,11.09,Monthly,NIGERIAFOOINF,2014-05-21T15:27:00
Nigeria,Food Inflation,2002-06-30T00:00:00,10.32,Monthly,NIGERIAFOOINF,2015-01-11T13:44:00
Nigeria,Food Inflation,2002-07-31T00:00:00,15.11,Monthly,NIGERIAFOOINF,2014-05-21T15:27:00
Nigeria,Food Inflation,2002-08-31T00:00:00,10.48,Monthly,NIGERIAFOOINF,2014-05-21T15:27:00
Nigeria,Food Inflation,2002-09-30T00:00:00,5.7,Monthly,NIGERIAFOOINF,2015-01-11T13:44:00
Nigeria,Food Inflation,2002-10-31T00:00:00,0.7,Monthly,NIGERIAFOOINF,2014-05-21T15:27:00
Nigeria,Food Inflation,2002-11-30T00:00:00,7.26,Monthly,NIGERIAFOOINF,2014-05-21T15:27:00
Nigeria,Food Inflation,2002-12-31T00:00:00,9.13,Monthly,NIGERIAFOOINF,2015-01-11T13:44:00
Nigeria,Food Inflation,2003-01-31T00:00:00,7.55,Monthly,NIGERIAFOOINF,2014-05-21T15:27:00
Nigeria,Food Inflation,2003-02-28T00:00:00,3.46,Monthly,NIGERIAFOOINF,2015-01-11T13:44:00
Nigeria,Food Inflation,2003-03-31T00:00:00,0.09,Monthly,NIGERIAFOOINF,2015-01-11T13:44:00
Nigeria,Food Inflation,2003-04-30T00:00:00,3.33,Monthly,NIGERIAFOOINF,2014-05-21T15:27:00
Nigeria,Food Inflation,2003-05-31T00:00:00,3.3,Monthly,NIGERIAFOOINF,2014-05-21T15:27:00
Nigeria,Food Inflation,2003-06-30T00:00:00,6.23,Monthly,NIGERIAFOOINF,2015-01-11T13:44:00
Nigeria,Food Inflation,2003-07-31T00:00:00,0.12,Monthly,NIGERIAFOOINF,2014-05-21T15:27:00
Nigeria,Food Inflation,2003-08-31T00:00:00,0.91,Monthly,NIGERIAFOOINF,2014-05-21T15:27:00
Nigeria,Food Inflation,2003-09-30T00:00:00,6.24,Monthly,NIGERIAFOOINF,2014-05-21T15:27:00
Nigeria,Food Inflation,2003-10-31T00:00:00,13.21,Monthly,NIGERIAFOOINF,2014-05-21T15:27:00
Nigeria,Food Inflation,2003-11-30T00:00:00,12.37,Monthly,NIGERIAFOOINF,2015-01-11T13:44:00
Nigeria,Food Inflation,2003-12-31T00:00:00,15.43,Monthly,NIGERIAFOOINF,2014-05-21T15:27:00
Nigeria,Food Inflation,2004-01-31T00:00:00,11.9,Monthly,NIGERIAFOOINF,2014-05-21T15:27:00
Nigeria,Food Inflation,2004-02-29T00:00:00,14.55,Monthly,NIGERIAFOOINF,2015-01-11T13:44:00
Nigeria,Food Inflation,2004-03-31T00:00:00,15.6,Monthly,NIGERIAFOOINF,2014-05-21T15:27:00
Nigeria,Food Inflation,2004-04-30T00:00:00,14.39,Monthly,NIGERIAFOOINF,2014-05-21T15:27:00
Nigeria,Food Inflation,2004-05-31T00:00:00,18.05,Monthly,NIGERIAFOOINF,2015-01-11T13:44:00
Nigeria,Food Inflation,2004-06-30T00:00:00,14.54,Monthly,NIGERIAFOOINF,2014-05-21T15:27:00
Nigeria,Food Inflation,2004-07-31T00:00:00,12.24,Monthly,NIGERIAFOOINF,2014-05-21T15:27:00
Nigeria,Food Inflation,2004-08-31T00:00:00,16.33,Monthly,NIGERIAFOOINF,2015-01-11T13:44:00
Nigeria,Food Inflation,2004-09-30T00:00:00,14.57,Monthly,NIGERIAFOOINF,2014-05-21T15:27:00
Nigeria,Food Inflation,2004-10-31T00:00:00,15.37,Monthly,NIGERIAFOOINF,2014-05-21T15:27:00
Nigeria,Food Inflation,2004-11-30T00:00:00,15.06,Monthly,NIGERIAFOOINF,2014-05-21T15:27:00
Nigeria,Food Inflation,2004-12-31T00:00:00,12.11,Monthly,NIGERIAFOOINF,2014-05-21T15:27:00
Nigeria,Food Inflation,2005-01-31T00:00:00,15.08,Monthly,NIGERIAFOOINF,2015-01-11T13:44:00
Nigeria,Food Inflation,2005-02-28T00:00:00,18.7,Monthly,NIGERIAFOOINF,2014-05-21T15:27:00
Nigeria,Food Inflation,2005-03-31T00:00:00,25.01,Monthly,NIGERIAFOOINF,2014-05-21T15:27:00
Nigeria,Food Inflation,2005-04-30T00:00:00,20.28,Monthly,NIGERIAFOOINF,2014-05-21T15:27:00
Nigeria,Food Inflation,2005-05-31T00:00:00,15.75,Monthly,NIGERIAFOOINF,2015-01-11T13:44:00
Nigeria,Food Inflation,2005-06-30T00:00:00,18.05,Monthly,NIGERIAFOOINF,2014-05-21T15:27:00
Nigeria,Food Inflation,2005-07-31T00:00:00,35.66,Monthly,NIGERIAFOOINF,2014-05-21T15:27:00
Nigeria,Food Inflation,2005-08-31T00:00:00,38.51,Monthly,NIGERIAFOOINF,2014-05-21T15:27:00
Nigeria,Food Inflation,2005-09-30T00:00:00,29.46,Monthly,NIGERIAFOOINF,2014-05-21T15:27:00
Nigeria,Food Inflation,2005-10-31T00:00:00,24.56,Monthly,NIGERIAFOOINF,2015-01-11T13:44:00
Nigeria,Food Inflation,2005-11-30T00:00:00,19.71,Monthly,NIGERIAFOOINF,2014-05-21T15:27:00
Nigeria,Food Inflation,2005-12-31T00:00:00,15.52,Monthly,NIGERIAFOOINF,2014-05-21T15:27:00
Nigeria,Food Inflation,2006-01-31T00:00:00,14.71,Monthly,NIGERIAFOOINF,2015-01-11T13:44:00
Nigeria,Food Inflation,2006-02-28T00:00:00,10.5,Monthly,NIGERIAFOOINF,2014-05-21T15:27:00
Nigeria,Food Inflation,2006-03-31T00:00:00,9.26,Monthly,NIGERIAFOOINF,2014-05-21T15:27:00
Nigeria,Food Inflation,2006-04-30T00:00:00,9.64,Monthly,NIGERIAFOOINF,2015-01-11T13:45:00
Nigeria,Food Inflation,2006-05-31T00:00:00,8.62,Monthly,NIGERIAFOOINF,2014-05-21T15:27:00
Nigeria,Food Inflation,2006-06-30T00:00:00,6.23,Monthly,NIGERIAFOOINF,2014-05-21T15:27:00
Nigeria,Food Inflation,2006-07-31T00:00:00,-3.69,Monthly,NIGERIAFOOINF,2015-01-11T13:45:00
Nigeria,Food Inflation,2006-08-31T00:00:00,-2.28,Monthly,NIGERIAFOOINF,2014-05-21T15:27:00
Nigeria,Food Inflation,2006-09-30T00:00:00,4.26,Monthly,NIGERIAFOOINF,2014-05-21T15:27:00
Nigeria,Food Inflation,2006-10-31T00:00:00,4.7,Monthly,NIGERIAFOOINF,2015-01-11T13:45:00
Nigeria,Food Inflation,2006-11-30T00:00:00,5.4,Monthly,NIGERIAFOOINF,2014-05-21T15:27:00
Nigeria,Food Inflation,2006-12-31T00:00:00,3.87,Monthly,NIGERIAFOOINF,2014-05-21T15:27:00
Nigeria,Food Inflation,2007-01-31T00:00:00,-0.13,Monthly,NIGERIAFOOINF,2014-05-21T15:27:00
Nigeria,Food Inflation,2007-02-28T00:00:00,3.32,Monthly,NIGERIAFOOINF,2014-05-21T15:27:00
Nigeria,Food Inflation,2007-03-31T00:00:00,1.71,Monthly,NIGERIAFOOINF,2014-05-21T15:27:00
Nigeria,Food Inflation,2007-04-30T00:00:00,2.06,Monthly,NIGERIAFOOINF,2015-01-11T13:45:00
Nigeria,Food Inflation,2007-05-31T00:00:00,2.37,Monthly,NIGERIAFOOINF,2014-05-21T15:27:00
Nigeria,Food Inflation,2007-06-30T00:00:00,3.2,Monthly,NIGERIAFOOINF,2014-05-21T15:27:00
Nigeria,Food Inflation,2007-07-31T00:00:00,1.13,Monthly,NIGERIAFOOINF,2015-01-11T13:45:00
Nigeria,Food Inflation,2007-08-31T00:00:00,-1.18,Monthly,NIGERIAFOOINF,2014-05-21T15:27:00
Nigeria,Food Inflation,2007-09-30T00:00:00,-0.79,Monthly,NIGERIAFOOINF,2015-01-11T13:45:00
Nigeria,Food Inflation,2007-10-31T00:00:00,-0.08,Monthly,NIGERIAFOOINF,2014-05-21T15:27:00
Nigeria,Food Inflation,2007-11-30T00:00:00,3.18,Monthly,NIGERIAFOOINF,2014-05-21T15:27:00
Nigeria,Food Inflation,2007-12-31T00:00:00,8.22,Monthly,NIGERIAFOOINF,2015-01-11T13:45:00
Nigeria,Food Inflation,2008-01-31T00:00:00,12.65,Monthly,NIGERIAFOOINF,2014-05-21T15:27:00
Nigeria,Food Inflation,2008-02-29T00:00:00,8.69,Monthly,NIGERIAFOOINF,2014-05-21T15:27:00
Nigeria,Food Inflation,2008-03-31T00:00:00,12.41,Monthly,NIGERIAFOOINF,2015-01-11T13:45:00
Nigeria,Food Inflation,2008-04-30T00:00:00,13.13,Monthly,NIGERIAFOOINF,2014-05-21T15:27:00
Nigeria,Food Inflation,2008-05-31T00:00:00,14.66,Monthly,NIGERIAFOOINF,2014-05-21T15:27:00
Nigeria,Food Inflation,2008-06-30T00:00:00,18.07,Monthly,NIGERIAFOOINF,2015-01-11T13:45:00
Nigeria,Food Inflation,2008-07-31T00:00:00,20.88,Monthly,NIGERIAFOOINF,2014-05-21T15:27:00
Nigeria,Food Inflation,2008-08-31T00:00:00,18.78,Monthly,NIGERIAFOOINF,2014-05-21T15:27:00
Nigeria,Food Inflation,2008-09-30T00:00:00,17.14,Monthly,NIGERIAFOOINF,2014-05-21T15:27:00
Nigeria,Food Inflation,2008-10-31T00:00:00,19.19,Monthly,NIGERIAFOOINF,2014-05-21T15:27:00
Nigeria,Food Inflation,2008-11-30T00:00:00,18.16,Monthly,NIGERIAFOOINF,2015-01-11T13:45:00
Nigeria,Food Inflation,2008-12-31T00:00:00,17.97,Monthly,NIGERIAFOOINF,2014-05-21T15:27:00
Nigeria,Food Inflation,2009-01-31T00:00:00,18.5,Monthly,NIGERIAFOOINF,2014-05-21T15:27:00
Nigeria,Food Inflation,2009-02-28T00:00:00,20.03,Monthly,NIGERIAFOOINF,2015-01-11T13:45:00
Nigeria,Food Inflation,2009-03-31T00:00:00,16.18,Monthly,NIGERIAFOOINF,2015-01-11T13:45:00
Nigeria,Food Inflation,2009-04-30T00:00:00,15.32,Monthly,NIGERIAFOOINF,2014-05-21T15:27:00
Nigeria,Food Inflation,2009-05-31T00:00:00,15.75,Monthly,NIGERIAFOOINF,2014-05-21T15:27:00
Nigeria,Food Inflation,2009-06-30T00:00:00,13.14,Monthly,NIGERIAFOOINF,2014-05-21T15:27:00
Nigeria,Food Inflation,2009-07-31T00:00:00,12.91,Monthly,NIGERIAFOOINF,2014-05-21T15:27:00
Nigeria,Food Inflation,2009-08-31T00:00:00,12.75,Monthly,NIGERIAFOOINF,2015-01-11T13:45:00
Nigeria,Food Inflation,2009-09-30T00:00:00,12.49,Monthly,NIGERIAFOOINF,2014-05-21T15:27:00
Nigeria,Food Inflation,2009-10-31T00:00:00,13.5,Monthly,NIGERIAFOOINF,2014-05-21T15:27:00
Nigeria,Food Inflation,2009-11-30T00:00:00,13.48,Monthly,NIGERIAFOOINF,2015-01-11T13:45:00
Nigeria,Food Inflation,2009-12-31T00:00:00,15.52,Monthly,NIGERIAFOOINF,2014-05-21T15:27:00
Nigeria,Food Inflation,2010-01-31T00:00:00,15.87,Monthly,NIGERIAFOOINF,2014-05-21T15:27:00
Nigeria,Food Inflation,2010-02-28T00:00:00,16.19,Monthly,NIGERIAFOOINF,2014-05-21T15:27:00
Nigeria,Food Inflation,2010-03-31T00:00:00,15.84,Monthly,NIGERIAFOOINF,2014-05-21T15:27:00
Nigeria,Food Inflation,2010-04-30T00:00:00,16.38,Monthly,NIGERIAFOOINF,2014-05-21T15:27:00
Nigeria,Food Inflation,2010-05-31T00:00:00,13.05,Monthly,NIGERIAFOOINF,2015-01-11T13:45:00
Nigeria,Food Inflation,2010-06-30T00:00:00,15.06,Monthly,NIGERIAFOOINF,2014-05-21T15:27:00
Nigeria,Food Inflation,2010-07-31T00:00:00,13.99,Monthly,NIGERIAFOOINF,2014-05-21T15:27:00
Nigeria,Food Inflation,2010-08-31T00:00:00,15.07,Monthly,NIGERIAFOOINF,2015-01-11T13:45:00
Nigeria,Food Inflation,2010-09-30T00:00:00,14.57,Monthly,NIGERIAFOOINF,2014-05-21T15:27:00
Nigeria,Food Inflation,2010-10-31T00:00:00,14.11,Monthly,NIGERIAFOOINF,2014-05-21T15:27:00
Nigeria,Food Inflation,2010-11-30T00:00:00,14.4,Monthly,NIGERIAFOOINF,2014-05-21T15:27:00
Nigeria,Food Inflation,2010-12-31T00:00:00,12.7,Monthly,NIGERIAFOOINF,2014-05-21T15:27:00
Nigeria,Food Inflation,2011-01-31T00:00:00,10.22,Monthly,NIGERIAFOOINF,2015-01-11T13:45:00
Nigeria,Food Inflation,2011-02-28T00:00:00,12.31,Monthly,NIGERIAFOOINF,2014-05-21T15:27:00
Nigeria,Food Inflation,2011-03-31T00:00:00,12.16,Monthly,NIGERIAFOOINF,2014-05-21T15:27:00
Nigeria,Food Inflation,2011-04-30T00:00:00,11.63,Monthly,NIGERIAFOOINF,2014-05-21T15:27:00
Nigeria,Food Inflation,2011-05-31T00:00:00,12.11,Monthly,NIGERIAFOOINF,2015-01-11T13:45:00
Nigeria,Food Inflation,2011-06-30T00:00:00,9.18,Monthly,NIGERIAFOOINF,2014-05-21T15:27:00
Nigeria,Food Inflation,2011-07-31T00:00:00,7.89,Monthly,NIGERIAFOOINF,2014-05-21T15:27:00
Nigeria,Food Inflation,2011-08-31T00:00:00,8.7,Monthly,NIGERIAFOOINF,2014-05-21T15:27:00
Nigeria,Food Inflation,2011-09-30T00:00:00,9.47,Monthly,NIGERIAFOOINF,2014-05-21T15:27:00
Nigeria,Food Inflation,2011-10-31T00:00:00,9.65,Monthly,NIGERIAFOOINF,2015-01-11T13:45:00
Nigeria,Food Inflation,2011-11-30T00:00:00,9.62,Monthly,NIGERIAFOOINF,2014-05-21T15:27:00
Nigeria,Food Inflation,2011-12-31T00:00:00,11.01,Monthly,NIGERIAFOOINF,2014-05-21T15:27:00
Nigeria,Food Inflation,2012-01-31T00:00:00,13.12,Monthly,NIGERIAFOOINF,2015-01-11T13:45:00
Nigeria,Food Inflation,2012-02-29T00:00:00,9.69,Monthly,NIGERIAFOOINF,2014-05-21T15:27:00
Nigeria,Food Inflation,2012-03-31T00:00:00,11.85,Monthly,NIGERIAFOOINF,2014-05-21T15:27:00
Nigeria,Food Inflation,2012-04-30T00:00:00,11.18,Monthly,NIGERIAFOOINF,2015-01-11T13:45:00
Nigeria,Food Inflation,2012-05-31T00:00:00,13,Monthly,NIGERIAFOOINF,2014-05-21T15:27:00
Nigeria,Food Inflation,2012-06-30T00:00:00,11.99,Monthly,NIGERIAFOOINF,2014-05-21T15:27:00
Nigeria,Food Inflation,2012-07-31T00:00:00,12.13,Monthly,NIGERIAFOOINF,2015-01-11T13:45:00
Nigeria,Food Inflation,2012-08-31T00:00:00,9.86,Monthly,NIGERIAFOOINF,2014-05-21T15:27:00
Nigeria,Food Inflation,2012-09-30T00:00:00,10.18,Monthly,NIGERIAFOOINF,2015-01-11T13:45:00
Nigeria,Food Inflation,2012-10-31T00:00:00,11.04,Monthly,NIGERIAFOOINF,2014-05-21T15:27:00
Nigeria,Food Inflation,2012-11-30T00:00:00,11.48,Monthly,NIGERIAFOOINF,2014-05-21T15:27:00
Nigeria,Food Inflation,2012-12-31T00:00:00,10.23,Monthly,NIGERIAFOOINF,2015-01-11T13:45:00
Nigeria,Food Inflation,2013-01-31T00:00:00,10.05,Monthly,NIGERIAFOOINF,2014-05-21T15:27:00
Nigeria,Food Inflation,2013-02-28T00:00:00,11,Monthly,NIGERIAFOOINF,2014-05-21T15:27:00
Nigeria,Food Inflation,2013-03-31T00:00:00,9.46,Monthly,NIGERIAFOOINF,2014-05-21T15:27:00
Nigeria,Food Inflation,2013-04-30T00:00:00,10.05,Monthly,NIGERIAFOOINF,2014-05-21T15:27:00
Nigeria,Food Inflation,2013-05-31T00:00:00,9.34,Monthly,NIGERIAFOOINF,2014-05-21T15:27:00
Nigeria,Food Inflation,2013-06-30T00:00:00,9.67,Monthly,NIGERIAFOOINF,2015-01-11T13:45:00
Nigeria,Food Inflation,2013-07-31T00:00:00,9.93,Monthly,NIGERIAFOOINF,2014-05-21T15:27:00
Nigeria,Food Inflation,2013-08-31T00:00:00,9.79,Monthly,NIGERIAFOOINF,2014-05-21T15:27:00
Nigeria,Food Inflation,2013-09-30T00:00:00,9.38,Monthly,NIGERIAFOOINF,2015-01-11T13:45:00
Nigeria,Food Inflation,2013-10-31T00:00:00,9.22,Monthly,NIGERIAFOOINF,2014-05-21T15:27:00
Nigeria,Food Inflation,2013-11-30T00:00:00,9.37,Monthly,NIGERIAFOOINF,2014-05-21T15:27:00
Nigeria,Food Inflation,2013-12-31T00:00:00,9.28,Monthly,NIGERIAFOOINF,2015-01-11T13:45:00
Nigeria,Food Inflation,2014-01-31T00:00:00,9.28,Monthly,NIGERIAFOOINF,2014-05-21T15:27:00
Nigeria,Food Inflation,2014-02-28T00:00:00,9.21,Monthly,NIGERIAFOOINF,2015-01-11T13:45:00
Nigeria,Food Inflation,2014-03-31T00:00:00,9.27,Monthly,NIGERIAFOOINF,2015-01-11T13:45:00
Nigeria,Food Inflation,2014-04-30T00:00:00,9.41,Monthly,NIGERIAFOOINF,2014-06-12T17:28:00
Nigeria,Food Inflation,2014-05-31T00:00:00,9.7,Monthly,NIGERIAFOOINF,2014-07-07T18:52:00
Nigeria,Food Inflation,2014-06-30T00:00:00,9.76,Monthly,NIGERIAFOOINF,2015-01-11T13:45:00
Nigeria,Food Inflation,2014-07-31T00:00:00,9.91,Monthly,NIGERIAFOOINF,2014-08-18T12:48:00
Nigeria,Food Inflation,2014-08-31T00:00:00,9.92,Monthly,NIGERIAFOOINF,2014-09-15T12:25:00
Nigeria,Food Inflation,2014-09-30T00:00:00,9.71,Monthly,NIGERIAFOOINF,2014-10-15T11:55:00
Nigeria,Food Inflation,2014-10-31T00:00:00,9.37,Monthly,NIGERIAFOOINF,2014-11-16T23:30:00
Nigeria,Food Inflation,2014-11-30T00:00:00,9.09,Monthly,NIGERIAFOOINF,2015-01-04T19:53:00
Nigeria,Food Inflation,2014-12-31T00:00:00,9.14,Monthly,NIGERIAFOOINF,2015-01-18T13:23:00
Nigeria,Food Inflation,2015-01-31T00:00:00,9.2,Monthly,NIGERIAFOOINF,2015-02-16T11:07:00
Nigeria,Food Inflation,2015-02-28T00:00:00,9.33,Monthly,NIGERIAFOOINF,2015-03-20T19:18:00
Nigeria,Food Inflation,2015-03-31T00:00:00,9.37,Monthly,NIGERIAFOOINF,2015-04-16T11:07:00
Nigeria,Food Inflation,2015-04-30T00:00:00,9.48,Monthly,NIGERIAFOOINF,2015-05-23T11:56:00
Nigeria,Food Inflation,2015-05-31T00:00:00,9.78,Monthly,NIGERIAFOOINF,2015-06-13T18:48:00
Nigeria,Food Inflation,2015-06-30T00:00:00,10.01,Monthly,NIGERIAFOOINF,2015-07-14T10:39:00
Nigeria,Food Inflation,2015-07-31T00:00:00,10.06,Monthly,NIGERIAFOOINF,2015-09-10T17:49:00
Nigeria,Food Inflation,2015-08-31T00:00:00,10.1,Monthly,NIGERIAFOOINF,2015-09-13T18:40:00
Nigeria,Food Inflation,2015-09-30T00:00:00,10.2,Monthly,NIGERIAFOOINF,2015-10-14T11:50:00
Nigeria,Food Inflation,2015-10-31T00:00:00,10.1,Monthly,NIGERIAFOOINF,2015-11-16T14:28:00
Nigeria,Food Inflation,2015-11-30T00:00:00,10.3,Monthly,NIGERIAFOOINF,2015-12-14T16:26:00
Nigeria,Food Inflation,2015-12-31T00:00:00,10.6,Monthly,NIGERIAFOOINF,2016-01-18T00:37:00
Nigeria,Food Inflation,2016-01-31T00:00:00,10.6,Monthly,NIGERIAFOOINF,2016-02-15T15:13:00
Nigeria,Food Inflation,2016-02-29T00:00:00,11.3,Monthly,NIGERIAFOOINF,2016-03-15T12:05:00
Nigeria,Food Inflation,2016-03-31T00:00:00,12.7,Monthly,NIGERIAFOOINF,2016-04-12T12:51:00
Nigeria,Food Inflation,2016-04-30T00:00:00,13.2,Monthly,NIGERIAFOOINF,2016-05-16T10:16:00
Nigeria,Food Inflation,2016-05-31T00:00:00,14.9,Monthly,NIGERIAFOOINF,2016-06-14T11:34:00
Nigeria,Food Inflation,2016-06-30T00:00:00,15.3,Monthly,NIGERIAFOOINF,2016-07-22T14:45:00
Nigeria,Food Inflation,2016-07-31T00:00:00,15.8,Monthly,NIGERIAFOOINF,2016-08-31T11:07:00
Nigeria,Food Inflation,2016-08-31T00:00:00,16.4,Monthly,NIGERIAFOOINF,2016-09-16T09:29:00
Nigeria,Food Inflation,2016-09-30T00:00:00,16.6,Monthly,NIGERIAFOOINF,2016-10-15T10:17:00
Nigeria,Food Inflation,2016-10-31T00:00:00,17.1,Monthly,NIGERIAFOOINF,2016-11-14T10:07:00
Nigeria,Food Inflation,2016-11-30T00:00:00,17.2,Monthly,NIGERIAFOOINF,2016-12-15T09:02:00
Nigeria,Food Inflation,2016-12-31T00:00:00,17.4,Monthly,NIGERIAFOOINF,2017-01-13T18:37:00
Nigeria,Food Inflation,2017-01-31T00:00:00,17.82,Monthly,NIGERIAFOOINF,2017-02-15T14:45:00
Nigeria,Food Inflation,2017-02-28T00:00:00,18.5,Monthly,NIGERIAFOOINF,2017-03-18T10:20:00
Nigeria,Food Inflation,2017-03-31T00:00:00,18.44,Monthly,NIGERIAFOOINF,2017-04-13T09:22:00
Nigeria,Food Inflation,2017-04-30T00:00:00,19.3,Monthly,NIGERIAFOOINF,2017-05-16T09:04:00
Nigeria,Food Inflation,2017-05-31T00:00:00,19.27,Monthly,NIGERIAFOOINF,2017-06-15T08:59:00
Nigeria,Food Inflation,2017-06-30T00:00:00,19.91,Monthly,NIGERIAFOOINF,2017-07-17T08:05:00
Nigeria,Food Inflation,2017-07-31T00:00:00,20.28,Monthly,NIGERIAFOOINF,2017-08-28T08:00:00
Nigeria,Food Inflation,2017-08-31T00:00:00,20.25,Monthly,NIGERIAFOOINF,2017-09-15T08:37:00
Nigeria,Food Inflation,2017-09-30T00:00:00,20.32,Monthly,NIGERIAFOOINF,2017-10-17T08:01:00
Nigeria,Food Inflation,2017-10-31T00:00:00,20.31,Monthly,NIGERIAFOOINF,2017-11-15T08:33:00
Nigeria,Food Inflation,2017-11-30T00:00:00,20.3,Monthly,NIGERIAFOOINF,2018-01-16T08:05:00
Nigeria,Food Inflation,2017-12-31T00:00:00,19.42,Monthly,NIGERIAFOOINF,2018-02-14T08:00:00
Nigeria,Food Inflation,2018-01-31T00:00:00,18.92,Monthly,NIGERIAFOOINF,2018-03-14T07:59:00
Nigeria,Food Inflation,2018-02-28T00:00:00,17.59,Monthly,NIGERIAFOOINF,2018-03-14T07:59:00
Nigeria,Food Inflation,2018-03-31T00:00:00,16.08,Monthly,NIGERIAFOOINF,2018-04-12T07:31:00
Nigeria,Food Inflation,2018-04-30T00:00:00,14.8,Monthly,NIGERIAFOOINF,2018-06-13T16:03:00
Nigeria,Food Inflation,2018-05-31T00:00:00,13.45,Monthly,NIGERIAFOOINF,2018-07-23T07:16:00
Nigeria,Food Inflation,2018-06-30T00:00:00,12.98,Monthly,NIGERIAFOOINF,2018-08-15T08:01:00
Nigeria,Food Inflation,2018-07-31T00:00:00,12.95,Monthly,NIGERIAFOOINF,2018-09-14T11:04:00
Nigeria,Food Inflation,2018-08-31T00:00:00,13.16,Monthly,NIGERIAFOOINF,2018-09-14T11:04:00
Nigeria,Food Inflation,2018-09-30T00:00:00,13.31,Monthly,NIGERIAFOOINF,2018-11-21T10:00:00
Nigeria,Food Inflation,2018-10-31T00:00:00,13.28,Monthly,NIGERIAFOOINF,2018-11-21T10:00:00
Nigeria,Food Inflation,2018-11-30T00:00:00,13.3,Monthly,NIGERIAFOOINF,2018-12-14T08:05:00
Nigeria,Food Inflation,2018-12-31T00:00:00,13.56,Monthly,NIGERIAFOOINF,2019-02-15T07:34:00
Nigeria,Food Inflation,2019-01-31T00:00:00,13.51,Monthly,NIGERIAFOOINF,2019-03-15T08:01:00
Nigeria,Food Inflation,2019-02-28T00:00:00,13.47,Monthly,NIGERIAFOOINF,2019-04-16T07:31:00
Nigeria,Food Inflation,2019-03-31T00:00:00,13.45,Monthly,NIGERIAFOOINF,2019-04-16T07:31:00
Nigeria,Food Inflation,2019-04-30T00:00:00,13.7,Monthly,NIGERIAFOOINF,2019-05-15T07:57:00
Nigeria,Food Inflation,2019-05-31T00:00:00,13.79,Monthly,NIGERIAFOOINF,2019-06-17T11:09:00
Nigeria,Food Inflation,2019-06-30T00:00:00,13.56,Monthly,NIGERIAFOOINF,2019-08-16T07:38:00
Nigeria,Food Inflation,2019-07-31T00:00:00,13.39,Monthly,NIGERIAFOOINF,2019-09-17T07:34:00
Nigeria,Food Inflation,2019-08-31T00:00:00,13.17,Monthly,NIGERIAFOOINF,2019-09-17T07:34:00
Nigeria,Food Inflation,2019-09-30T00:00:00,13.51,Monthly,NIGERIAFOOINF,2019-10-15T10:06:00
Nigeria,Food Inflation,2019-10-31T00:00:00,14.09,Monthly,NIGERIAFOOINF,2019-12-17T07:32:00
Nigeria,Food Inflation,2019-11-30T00:00:00,14.48,Monthly,NIGERIAFOOINF,2020-01-17T08:01:00
Nigeria,Food Inflation,2019-12-31T00:00:00,14.67,Monthly,NIGERIAFOOINF,2020-01-17T08:01:00
Nigeria,Food Inflation,2020-01-31T00:00:00,14.85,Monthly,NIGERIAFOOINF,2020-03-17T07:35:00
Nigeria,Food Inflation,2020-02-29T00:00:00,14.9,Monthly,NIGERIAFOOINF,2020-03-17T07:35:00
Nigeria,Food Inflation,2020-03-31T00:00:00,14.98,Monthly,NIGERIAFOOINF,2020-04-21T07:31:00
Nigeria,Food Inflation,2020-04-30T00:00:00,15.03,Monthly,NIGERIAFOOINF,2020-05-21T13:04:00
Nigeria,Food Inflation,2020-05-31T00:00:00,15.04,Monthly,NIGERIAFOOINF,2020-06-17T08:05:00
Nigeria,Food Inflation,2020-06-30T00:00:00,15.18,Monthly,NIGERIAFOOINF,2020-07-17T07:41:00
Nigeria,Food Inflation,2020-07-31T00:00:00,15.48,Monthly,NIGERIAFOOINF,2020-09-15T07:34:00
Nigeria,Food Inflation,2020-08-31T00:00:00,16,Monthly,NIGERIAFOOINF,2020-09-15T07:34:00
Nigeria,Food Inflation,2020-09-30T00:00:00,16.66,Monthly,NIGERIAFOOINF,2020-11-16T10:13:00
Nigeria,Food Inflation,2020-10-31T00:00:00,17.38,Monthly,NIGERIAFOOINF,2020-11-16T10:13:00
Nigeria,Food Inflation,2020-11-30T00:00:00,18.3,Monthly,NIGERIAFOOINF,2021-01-15T10:02:00
Nigeria,Food Inflation,2020-12-31T00:00:00,19.56,Monthly,NIGERIAFOOINF,2021-02-16T07:32:00
Nigeria,Food Inflation,2021-01-31T00:00:00,20.57,Monthly,NIGERIAFOOINF,2021-02-16T07:32:00
Nigeria,Food Inflation,2021-02-28T00:00:00,21.79,Monthly,NIGERIAFOOINF,2021-04-15T07:31:00
Nigeria,Food Inflation,2021-03-31T00:00:00,22.95,Monthly,NIGERIAFOOINF,2021-05-17T14:54:00
Nigeria,Food Inflation,2021-04-30T00:00:00,22.72,Monthly,NIGERIAFOOINF,2021-06-15T13:17:00
Nigeria,Food Inflation,2021-05-31T00:00:00,22.28,Monthly,NIGERIAFOOINF,2021-07-16T08:04:00
Nigeria,Food Inflation,2021-06-30T00:00:00,21.83,Monthly,NIGERIAFOOINF,2021-08-17T12:06:00
Nigeria,Food Inflation,2021-07-31T00:00:00,21.03,Monthly,NIGERIAFOOINF,2021-09-15T05:21:00
Nigeria,Food Inflation,2021-08-31T00:00:00,20.3,Monthly,NIGERIAFOOINF,2021-10-15T10:45:00
Nigeria,Food Inflation,2021-09-30T00:00:00,19.57,Monthly,NIGERIAFOOINF,2021-11-15T11:42:00
Nigeria,Food Inflation,2021-10-31T00:00:00,18.34,Monthly,NIGERIAFOOINF,2021-12-15T13:12:00
Nigeria,Food Inflation,2021-11-30T00:00:00,17.21,Monthly,NIGERIAFOOINF,2021-12-15T13:12:00
Nigeria,Food Inflation,2021-12-31T00:00:00,17.37,Monthly,NIGERIAFOOINF,2022-02-15T09:56:00
Nigeria,Food Inflation,2022-01-31T00:00:00,17.13,Monthly,NIGERIAFOOINF,2022-03-15T11:16:00
Nigeria,Food Inflation,2022-02-28T00:00:00,17.11,Monthly,NIGERIAFOOINF,2022-03-15T11:16:00
Nigeria,Food Inflation,2022-03-31T00:00:00,17.2,Monthly,NIGERIAFOOINF,2022-05-16T11:07:00
Nigeria,Food Inflation,2022-04-30T00:00:00,18.37,Monthly,NIGERIAFOOINF,2022-05-16T11:07:00
Nigeria,Food Inflation,2022-05-31T00:00:00,19.5,Monthly,NIGERIAFOOINF,2022-07-15T11:47:00
Nigeria,Food Inflation,2022-06-30T00:00:00,20.6,Monthly,NIGERIAFOOINF,2022-08-15T11:00:00
Nigeria,Food Inflation,2022-07-31T00:00:00,22.02,Monthly,NIGERIAFOOINF,2022-09-15T11:59:00
Nigeria,Food Inflation,2022-08-31T00:00:00,23.12,Monthly,NIGERIAFOOINF,2022-09-15T11:59:00
Nigeria,Food Inflation,2022-09-30T00:00:00,23.34,Monthly,NIGERIAFOOINF,2022-11-15T10:56:00
Nigeria,Food Inflation,2022-10-31T00:00:00,23.72,Monthly,NIGERIAFOOINF,2022-12-15T10:22:00
Nigeria,Food Inflation,2022-11-30T00:00:00,24.13,Monthly,NIGERIAFOOINF,2023-01-16T13:41:00
Nigeria,Food Inflation,2022-12-31T00:00:00,23.75,Monthly,NIGERIAFOOINF,2023-01-16T13:41:00
Nigeria,Food Inflation,2023-01-31T00:00:00,24.32,Monthly,NIGERIAFOOINF,2023-03-15T11:31:00
Nigeria,Food Inflation,2023-02-28T00:00:00,24.35,Monthly,NIGERIAFOOINF,2023-03-15T11:31:00
Nigeria,Food Inflation,2023-03-31T00:00:00,24.45,Monthly,NIGERIAFOOINF,2023-05-15T11:35:00
Nigeria,Food Inflation,2023-04-30T00:00:00,24.61,Monthly,NIGERIAFOOINF,2023-06-15T11:00:00
Nigeria,Food Inflation,2023-05-31T00:00:00,24.82,Monthly,NIGERIAFOOINF,2023-06-15T11:00:00
